{
  "time_decay_factor": 0.0010000000000024987,
  "home_advantage_baseline": 0.25000350742525496,
  "chemistry_weight": 0.2,
  "h2h_weight": 0.050000000000019244,
  "params": [
    0.0010000000000024987,
    0.25000350742525496,
    0.2,
    0.050000000000019244
  ]
}